,label,x1
156,242.01450055802064,24.563826848417687
265,156.88471460419035,15.67265504416237
272,148.1525431865348,15.66287228916275
644,278.1864510138668,29.78266075496831
581,247.8547136922334,26.13371526469108
168,195.15443014092963,23.248010179699108
258,110.7443434377834,11.353939676869174
877,307.1586547492379,34.30815825936875
587,286.9189119885632,30.328067532194087
758,235.6773137250397,25.512805300453422
325,151.69660551348667,17.900602313389435
849,303.86899345506663,34.66040596837583
741,189.80817960404087,20.990479936650143
0,223.79062768019264,22.336734332288767
952,349.79213375475484,37.27850710281692
452,221.15648423191317,24.552323646257573
175,124.69907618854953,14.157651702995238
451,143.32519682512643,16.179129588926795
482,68.64415410085095,7.710169489623922
269,290.4924113053352,31.224896454803456
66,302.98600355912475,32.521462444512125
381,313.2157052087295,34.431518359375914
894,313.38314035831604,34.28747055056365
800,154.42534985806589,15.713368716174903
361,126.90478302531214,14.399660045949563
527,319.0297711260308,35.9170101938939
222,319.0739214852828,35.656365935293735
251,278.56354448873526,29.71526701916141
23,320.939485381504,37.63075092001485
608,310.6521606418993,33.761131593771026
727,89.43123114063907,9.54875990451181
266,137.75435752361844,15.488168478031367
101,121.42910500869252,12.65771562639037
574,196.20700956414257,21.476415420728287
331,218.61520811294423,24.097178875150234
900,308.6730235065208,32.46777782003086
129,246.9614481099745,28.374899699531937
82,309.6776581490897,36.492659705101616
604,64.10352942365198,6.490967212366406
788,279.5927811918466,32.58392260348913
882,283.64983489214603,31.04824136751043
77,128.47306935531537,13.98569428935082
165,217.72711755942404,25.276207532097867
725,237.50941172955905,28.713223653691912
951,169.57621272564344,18.500771790366706
714,229.8899592345771,27.646328184274083
390,341.0859420251981,39.292573718129546
198,316.0279416909402,33.96188316653904
472,348.4501647724905,37.62890157420385
236,360.2026625830031,37.741356802968895
58,171.25254748889154,19.5753567303618
446,175.42858275941225,19.47413230496875
615,314.0964290088777,35.16241252280933
421,236.80240132455765,24.98694784780191
293,353.68966910650306,38.21326229140615
142,261.87670641623373,28.026595935752518
671,52.542611595533096,6.446654340104339
906,185.11220136881087,20.24915085344296
928,152.22057369913983,15.826608785587496
805,336.1631928574928,38.42077382744259
871,162.54343041500252,17.43484791380485
600,335.4548163546359,38.51382956960983
707,256.04091706636865,26.38410934683441
461,95.9966693126231,10.124686238846644
254,184.50230966673905,19.21751928218619
223,247.08943821110336,30.044998210003687
416,117.6183419316142,13.38800844365397
689,307.4268830572612,37.29193479096887
103,70.62615661841977,8.311823519970513
577,140.19421183896972,15.404324107870911
806,279.54402853618416,31.39879375583598
24,349.6087245059168,36.80959237499765
853,297.9409236883203,33.55755407338634
736,147.22202664667702,17.82542492469667
823,261.933905823249,30.247427135415865
859,321.81401638608446,37.846850514542055
997,57.04522934673337,6.416381051452909
338,229.88398753357137,29.40119116247598
4,103.42879320754427,11.46511004613232
64,232.46545328988185,24.78217353271475
348,211.40095544875453,22.975349976997265
81,71.87267324655804,8.365256224320172
959,204.3324180676437,21.53195973966036
634,294.17835560722733,34.523960370727345
813,144.66810180523862,16.27812891135001
462,86.7763696349849,9.92887824432204
424,285.0919060552861,35.72591471993459
278,119.86818045650692,13.04960409088065
745,91.26710512403058,9.13948089600785
340,174.9005122703703,18.078068153544187
612,300.64103251229983,31.93571524709856
974,330.1572816028885,34.34342092147399
439,238.8982745256278,26.478859068822786
298,262.48180288779355,28.70156237551279
687,137.21103292617804,16.000605973018267
327,253.56503624413116,29.15750594514732
311,125.16543451558104,14.526968789340422
91,359.26178262923,37.66331992999679
700,332.8777802101277,36.09060167536013
19,144.70914684242146,15.802606604129595
447,229.6382446845888,26.38580359286744
850,298.9454208695065,31.096533816364836
10,214.24380580043368,21.686232842605214
526,215.5194628121524,22.42357962494498
866,269.73062874628744,31.16377496408396
343,84.39894234801923,9.01462508730612
125,144.3286269018068,16.851504933936084
237,235.28278936390515,25.802650414597917
717,205.0104815292304,22.603321369463007
239,280.2076811242491,29.85823243583846
695,333.6311748167844,34.72606186146065
533,261.3095597808142,27.926770539283883
294,277.67904222171967,30.52881196343934
976,195.8360077338083,22.885022427465568
69,130.34402012725548,15.310947073818395
400,160.1154292865157,16.97154848199076
279,264.73300404266786,28.79165373173221
214,102.32994975450194,13.049665401297544
858,239.89700830424383,27.02228240470209
454,108.631091196347,12.021902079779563
676,63.28411029799279,7.646387765292069
637,277.20891798588224,30.4547947325246
360,132.42526933306607,13.909013755424253
354,170.01810016886287,18.78868242417724
710,228.53001165616945,22.08952344852956
992,261.0345626902971,28.894466776760595
61,95.12368303902868,10.120397723737357
408,173.73640325311408,21.407540037527063
793,215.46035568904907,24.032520356984914
595,189.382453364798,20.605368758455896
36,282.16190351799247,30.75067428718598
392,284.3846046932801,32.69816480909676
568,367.5642010151193,39.30141301883148
730,269.8937664880674,28.04038946468257
585,296.8350535251891,34.39672652337252
191,293.38287036848544,33.98617817128887
46,228.9533780941078,25.895916932205477
52,214.1707971190615,23.986632514635915
515,281.1276323141801,29.60392943106718
321,67.33829288473086,7.730983750364418
465,257.2413940329696,30.78953095771509
926,64.71501928528392,7.581429161682969
235,171.6591590372025,20.00579901206677
521,69.71106709289816,8.399851324289594
241,309.3023018462899,34.30234692028498
524,349.6913472542377,39.20605792734496
848,55.13156285387099,6.734541896484662
901,355.6000194292637,38.75999855246033
518,251.16154256798703,28.82477751974088
918,193.74418129593573,23.142060055702927
799,170.31768044829275,19.574853771048016
150,161.44261301889853,17.358533024680142
605,178.54988366253372,18.232711100293542
606,242.2987876676035,26.571562258611653
468,180.3859431612597,19.18070726757552
413,246.88428900409332,26.592175923564813
778,156.95696169841415,18.80100703779209
828,109.38069830994506,11.88506764234079
601,376.3197911079799,39.18124560897007
59,265.73066966920794,29.65930175587519
962,245.95978159995545,25.964178008125643
743,329.2967640971303,34.66903420429965
100,249.3428836813879,27.232619329105503
875,59.9265076881445,6.898040217188735
475,63.06151648600308,6.783025875433771
456,307.2181292222385,33.0268533055891
68,328.43207893581143,38.64770010379456
552,64.5351322263516,7.383730992744832
732,332.6188090328968,37.19864459947675
464,97.31166483425363,10.840733931814963
330,75.49088249697478,7.902489912213733
232,203.7839343514364,23.655111877603986
449,190.15767488272408,19.817656839197863
309,191.5843463530813,21.351183604779685
831,245.33634313588857,26.0768404357081
17,147.20232559597167,16.881010304365827
649,124.69697908733538,14.00995210042491
284,143.74243595328693,15.34763209150144
104,109.5135351885643,11.41120073906685
261,337.32930449776507,38.40394954159992
282,276.15405397734605,34.0513021062926
549,244.08521933300503,25.908020166374488
984,278.7723984407965,30.36262773460153
276,177.65623114655455,20.471094417877616
442,319.0910945926355,36.969777626742015
632,230.8622579828999,25.089718546599453
930,310.2297105059356,35.67241035573862
907,368.14361611276144,39.16031143316529
443,180.0206800856204,20.73148428636971
874,63.259070611851534,6.6730456206449
621,338.97224292794886,36.257181605054726
782,108.82244483756062,12.258237539050931
140,252.7449161728477,27.21278432229537
219,274.8219267593048,28.731227522803863
73,294.7911576335924,34.99771779457143
26,145.77409964525583,15.571766059168583
62,329.95706836858466,36.02209395244796
394,342.54932800591763,38.57749885282973
218,250.1654371759989,27.897995330508024
989,209.56929919554543,22.09433007967073
840,305.8753857997277,33.0725350356134
654,75.55997633230155,8.78685615981807
249,116.91652628687268,13.136424059376798
738,157.98252608205252,18.830273908709454
832,289.9472997508883,30.79678873930881
857,62.82464656898237,7.232775181048034
113,253.6816971778655,29.777871438834374
744,102.04383927466412,12.12699826522016
70,298.4881807069307,31.93031640201408
964,257.25143633548834,32.35219791358696
229,217.0916188103625,25.798840520463877
532,136.32978052660025,15.15321845848119
13,333.42230263206073,39.48234596471745
324,83.61719770362271,10.269166471348804
502,324.5372013432924,37.970887085043486
583,225.43891855671137,25.671259213819585
650,136.09039720658612,15.655080309488753
28,84.32032993807064,9.01638380255757
80,67.61028891046202,7.431754939053693
432,135.0829028124322,13.720517504220568
993,269.258143979345,29.63609725436908
271,344.55111067294894,36.10810295755997
288,317.2635864084733,39.42283504923604
665,338.0705019391615,37.65905601137917
504,206.43624684968955,23.83036260880717
124,354.83336587003333,35.68765789854946
873,148.98789913301422,17.55450970566691
262,293.2748147536016,33.32645704806578
774,187.4360058766599,21.855228717149725
429,65.59316607622922,7.444762219165118
145,294.716638749178,30.56534454441301
39,365.9397245252164,38.84454253381385
367,305.7820767760458,33.158979484405464
986,211.59750024365889,24.293426718486096
885,83.86694843661355,9.536126657944608
887,147.389203315663,17.969738081601236
611,148.18296576728278,16.32340479142887
385,205.89118277452857,22.08824288229033
99,246.5853628550025,25.63635485725777
630,229.7743548855076,25.88992801476636
673,88.05417550121442,10.168880444066756
450,280.363088149876,30.97483632532517
592,138.4734449390582,13.803163541485208
507,123.24059595474569,12.611678471765195
210,142.9345192499067,14.055414122492405
785,286.0088714875057,31.03882364521657
940,173.9885674086634,18.79276659652067
40,60.70643008876722,6.513137025018215
270,186.89002675456288,21.9512050706405
908,314.1372628753054,34.49827788540556
640,148.92152871100117,16.386153914937065
752,340.38394559008646,35.437607543649506
221,121.58599138131363,13.58341027886693
283,126.8417713757156,13.264488338237918
556,90.83737553353326,10.367589145296932
761,276.17428075297744,30.127769584037743
152,229.73436335521308,26.534166572989648
852,281.4448274809834,33.01261028661652
820,132.95776138841345,13.361525628296295
242,264.16640360718446,30.311964573715738
802,213.4543028409672,24.02962602178075
171,224.4878682496306,26.470214824148204
844,128.23001368433728,14.141453360910871
359,80.74252257037897,10.23304439651243
547,78.81074145526249,8.688476101893912
560,357.6274899551585,38.243357739131135
119,328.26635711983954,37.37364964191177
35,200.3390331666789,21.77751237318148
753,233.7242123802847,25.19518719743608
134,174.5121937865707,18.79895399495139
487,192.140620480437,21.577003257365455
501,364.0630787677443,37.062395724830495
709,66.80418967083054,7.525120021066624
660,197.80811128807505,22.37090571605205
798,231.90547564479544,26.804537607415128
453,239.53200692788175,24.94781053387809
856,305.67908465475426,37.48296208629638
157,182.09003793590875,20.992101407937184
186,142.59996875640647,14.64500753053458
771,112.79383014182788,11.64959002707728
368,290.930209333212,32.01676238986244
580,67.49078516559295,7.084736304685045
480,187.86997038186533,24.38240681218494
870,80.19761436164691,8.702245928064862
467,85.29277355493937,9.804216794295186
756,105.86629420579416,11.658223871400589
370,316.4719086517232,34.83929135449037
41,142.16391494744315,15.9198620048023
633,72.25533805221744,7.977376121502562
499,246.42562097894907,25.049322910912924
486,183.5577834610852,21.42312744233517
965,252.6157719972654,28.4108239688443
335,349.9758873222904,39.055211900950994
423,151.10150745948135,18.01739727563067
614,144.29009976736896,16.626162733076296
492,69.53824766128375,7.666635157170628
445,267.4158029176194,28.055217185069463
624,77.3422570729418,8.709752897290908
682,184.34135774626148,19.168678981646558
950,62.749967126686926,7.78519069224793
670,118.88024966502834,14.037465838568211
72,197.4019833552733,24.554584804150604
698,150.28789319145005,16.93186794134583
353,120.31667631868952,14.77994922531136
110,273.14251940656465,32.09395218782508
471,205.2475992491787,24.00140735318461
308,235.457884392203,26.227407643070634
147,210.70697744975905,22.48752287919112
599,246.36845473958047,27.782126451879645
161,225.6265080445484,25.4274608581408
303,268.28418566584924,30.797784828379747
867,303.1080329498504,35.27011351662006
619,159.64719741998306,18.54744540365214
826,217.71600161691663,24.631045082841982
911,301.8535073397626,36.85649338500404
120,57.75173322770844,6.359730329426004
889,54.74663460251367,6.465772311457534
238,313.6635626708984,35.72208906200039
810,79.6053267300405,8.511644131282882
702,63.14938166180552,6.797134421379642
29,239.94536098854223,26.37178115459756
975,251.54582886899652,26.388390505453174
128,166.9908093230347,17.42358194778695
483,325.634365095093,35.6403684864885
835,81.70897319137681,9.87036967172346
701,145.3207030578091,15.09291765313353
185,155.4857628746276,18.17892229364142
617,367.3666649059492,37.533374340298295
55,117.8076705366812,12.677730534260862
946,179.8380766066636,19.907921904342786
646,301.6090827076165,33.285727604729026
463,87.76496564220245,9.8156479448027
972,153.84639115575848,16.87522529303933
905,317.7586184623867,36.63176426629465
415,216.93881855776428,26.61640164242432
54,75.68819788431556,8.060873637278245
409,167.64813320587865,19.069084719263035
12,312.1992425830251,32.31963641217936
765,256.88086802348283,27.585874259371224
56,152.91193842708338,16.82513284032816
751,122.77877625229928,14.782969299675756
987,158.09409035613277,18.57196175363179
869,160.85814377789063,16.636562895361465
981,274.0102836298356,29.49377904412608
121,225.3191450883648,24.86766370654894
924,62.2147062559402,6.954521384236696
639,115.1279696891036,12.415471190429887
88,304.6947952228634,35.15991591041854
503,138.6731747445582,15.546754364102483
79,345.89426799888986,39.4913154538976
317,129.16529296408456,13.673077394739863
921,281.445394953953,30.318547812805537
808,84.0374563743528,9.603700068092396
349,263.98802416527843,31.439136823445107
477,163.8309922172662,18.91437182755165
563,327.3751949149451,36.70806143177065
444,88.6176425531324,9.480425162956791
178,77.09133593889756,8.250471063320049
163,76.03171543503653,8.722891030980925
726,90.86358378533728,10.13200510892042
528,283.2059180172527,30.93556806003961
932,239.7236685922693,27.92134281128048
795,157.57331164935084,18.56552579642453
780,186.90958544612857,20.37433119398119
899,194.9393942366094,21.77247585045467
941,63.26169133257956,6.962770083995639
891,80.62973014823865,9.002728932479599
917,254.1475511245944,29.561537733624828
212,214.98619464754356,22.93631156542624
683,306.9255804374845,35.452438555557094
680,283.729675660269,31.54810682309162
126,331.5836921295669,36.99046679195597
122,275.45342756485275,29.730384742943365
401,164.6309860621501,18.72203002343612
230,103.86816675926164,11.74009858705937
138,258.9371556730573,28.05386968903681
927,174.00738498191967,19.3693226050272
495,318.2684630471343,33.040734181603014
137,168.69231547486874,19.581079918907257
379,314.8790014629269,36.41327972785933
538,199.27807221541565,21.80004303743813
593,81.5774156544131,8.997730496342395
638,286.53106408418137,30.90075342099417
969,169.5160058192546,19.8791062335112
657,229.98338312501227,23.456428459701
115,96.78603299798222,10.964361386542354
155,88.620349216436,9.869249837135357
594,129.9174273334187,13.342099280996152
153,251.5189508487627,28.69289816790528
50,303.61902278375635,35.96758298734074
85,179.22522803180618,21.36035038510684
693,114.1623208002888,11.647607206324873
573,305.8260954510825,33.33897643190129
786,179.8994479086327,20.277762302063024
136,79.60813463870899,9.493799557774429
953,313.1265885233551,38.45079796921755
267,351.5843965296815,38.73760036562626
535,85.82478425090716,9.624772009194414
947,237.46507152868296,24.406871377560314
323,111.98196356055922,11.947519796663864
628,231.8267712672826,27.83975693649565
436,130.02206029909163,14.50634957860388
708,259.1683578124857,29.630754940678347
211,247.6093502877073,25.75379512628613
484,249.3719362293521,30.589023269877504
912,76.61961273603428,8.224108802785379
15,300.53820211913586,35.3736949496959
696,347.93399760660225,37.92458142211717
807,86.99666629737723,10.167394952772131
333,254.03100227981457,26.251498670910244
123,154.63174506569453,17.413205126114093
833,125.79214217745988,13.87692226411198
898,132.9022658764517,13.633684409707236
326,276.3022129131676,30.85387827927004
661,101.9211688165066,11.459001742292838
653,300.5867003653383,36.26404581875285
295,319.9701756610586,35.94617108360099
274,180.60025648012424,20.17443605832021
31,284.26809379434565,32.866007020355696
285,78.81795352096371,8.845714976035946
979,268.4581150448405,29.023411603818595
407,122.87055625029951,14.135846141864274
363,189.9697859226838,20.375628559720063
430,202.62398120848823,23.62439263037129
47,163.6120261093125,19.44877016491091
277,339.36882425552,37.88744553023928
915,201.16825656216804,22.600196614380465
169,280.61623831784004,29.568491306180157
319,162.28385178193517,17.811691150687956
247,237.4770978075517,28.32025836664991
352,283.5897122914371,30.793818892076818
958,122.20052371444127,12.758306606745991
460,194.511576957362,21.054912086904345
954,240.52762838128967,27.81787053798619
980,220.8232138432448,24.325897243471
934,303.7542678323094,33.179192908438466
876,104.36914980335116,12.740602720669497
304,314.45055700095384,31.887809630632315
722,92.54863086640908,10.481310846967688
770,59.3457166176899,7.211595194694759
655,175.90109118290584,21.580945572314565
173,170.538188186,17.801682374855332
678,362.1811086967271,37.563599241795735
766,112.9249306252292,13.256243103685788
688,60.330294757886776,7.007915188216635
114,102.42117779024515,11.349935462439277
536,195.2907882654665,20.721715084893525
842,65.41360438365484,7.898495728771382
305,137.2083270170188,16.561488656558353
886,165.8868312538616,20.652532854521134
811,71.0273866932728,7.907330545648145
662,289.6327573914522,33.85776599092722
658,295.1840165891893,30.0010112419989
498,207.29979664803776,23.47698009486776
182,287.66887998780834,33.53724166647648
193,277.61368905852504,32.885683906474824
622,293.31455848347764,34.57512643439641
564,150.44955402331928,15.826942087583438
879,226.7237118701452,24.74473559811294
968,320.178589101486,37.35584091753141
478,117.89601543064806,13.632593050118295
225,229.80691687655312,28.27009877145373
336,301.27753077776043,34.20280813843266
37,125.42464246191588,13.194300785648911
57,192.73948532740116,19.809538326654632
697,75.34110899276654,8.055270181833317
244,241.0471987477837,26.558580893188186
500,189.47270332434064,22.522049300497155
86,67.53392545259612,7.833125858521362
944,355.8925191865895,37.905000811247305
804,61.05915288866201,6.471753762983751
93,134.55130894806356,14.85576160059897
763,126.91885394943834,14.89949469771632
734,311.2174867465653,37.83216087927352
746,217.22390185811176,24.530035199983804
172,188.7697235482096,21.036946561715567
5,157.66508363996928,17.462439663067425
750,177.8180390199837,19.06661278104584
388,187.66429724310137,20.823553027966945
764,278.85834671627083,29.923408987071618
729,144.81060432578528,17.83761562052227
821,260.2062449215611,32.27368504661111
589,153.92056491609253,17.171662846858055
735,248.59791575810263,27.48626611888545
669,184.56637134080532,19.338128352494373
217,145.04557521247398,16.61860455064899
643,331.3834639840432,37.45785002496704
105,294.2289751363573,35.511863636497665
197,232.9779349329077,25.465520516076392
418,170.6221886666765,17.78834304336071
506,140.85797395487748,15.840068882861775
791,181.5969060387737,19.769481426096185
257,323.54822448556695,34.42982637901599
131,84.14085269757352,9.115408634142431
199,219.4013030886937,24.414321812258244
441,201.13417855070875,20.07794580931676
202,187.48511206557976,20.662533798075188
567,336.4217480078832,39.41366719569666
403,195.13256102767272,20.484773225902984
374,67.08361298782518,7.491919181058447
613,304.15006057244585,36.74188197061298
201,286.7988239475707,33.19906309334654
422,63.82209250052921,7.032599795473226
240,56.76806438764723,6.354338435198262
206,92.13846085461545,9.757132561142972
787,85.00993090226082,10.056138185467065
87,122.52690739756896,13.919190846074937
364,185.6680471953566,20.797896853735303
991,138.76827181547856,15.737691376475713
814,186.16165848805883,20.39762882756047
551,222.62011791192,24.833888342391877
53,87.924458794989,9.632817466125315
923,143.8975312489402,16.25095937171347
960,244.60316853194735,28.62644278980518
220,335.06123964134946,37.167281577188966
347,84.74402592954563,9.09818944092456
948,253.1095432172712,29.17378635156581
299,216.5705348308865,24.259780452238143
534,111.56444367432698,12.0717017761672
412,299.861027871398,32.655321154922376
176,115.92777886367894,14.615913656877536
268,172.72423463260802,19.416824032571263
345,86.01128748377246,9.553334533289531
334,213.49027769682667,21.585896511958687
314,72.76369835261792,8.32537055585082
625,203.4894871223681,24.25903437586092
494,169.95984180458842,19.820102313600515
847,234.58613699628165,27.1744754758885
387,162.32636410018918,17.471228869927437
645,331.0146327923573,37.53737520774507
740,158.16026545116526,15.756252430708969
591,216.01204879665784,24.255889784733164
961,409.5338668825282,38.39381440310959
43,317.5414733438212,34.44040579781128
281,233.8369664468977,24.762014182535506
704,302.82279470534144,33.50111570455627
737,194.2248811018149,22.29533242947624
664,229.8064807657885,25.147957615008075
459,298.8220611791055,32.31635116178251
260,170.99814188090306,19.55458936398459
33,175.16225026811193,19.02459431784265
151,239.43367927678423,26.526640114794965
6,234.3271577530688,26.193516887172446
448,313.9136719244515,34.59822663994288
118,140.75926009440892,14.342569587556302
754,151.7506424208037,16.961420910268302
112,325.57190304458345,33.76666791261772
184,83.3884444782237,9.827717749049828
233,177.1567167966465,22.115389624101702
213,135.90663342912302,15.758290872326953
373,207.2523675539528,23.609843910241352
792,253.377747514013,29.086962993341217
405,105.09620220843196,11.859225547792366
48,278.4666231383582,31.25665402253783
598,64.0616522232759,7.496879828680988
904,331.56812198458533,36.74468206747758
883,284.4945746894596,31.831335756901137
216,154.65883443842202,18.749947301564653
819,261.90588122968927,27.77699523530302
98,291.7000395266432,35.157029437872026
995,142.11936365480864,15.449235012811576
692,176.19635887190188,20.50069951624521
3,105.60187457672754,12.12626985225775
160,334.5530275179871,36.10688551427423
511,247.7063970459026,26.902215074374656
519,231.4622046777172,25.940109355648705
674,129.75259775125878,16.18208468075948
457,86.89072406507154,10.502979423424662
205,132.70557138353587,17.817182963366406
868,91.97475191535192,11.330551900032487
30,97.09201257132408,10.56740289441854
860,178.539852134825,21.35076336217257
426,210.94898061163624,23.486567778062216
973,190.51182867958084,21.597212325944035
916,219.5331987143187,24.26120368549931
204,296.5164216514192,34.37130774179615
346,302.46422550399166,31.19249236509368
834,237.32570708352264,27.551553653960205
256,109.56297139378698,12.261750315755066
559,183.81349941209,19.42267550856805
555,156.96362697235992,18.797880056520704
994,85.99637925066774,9.751040641500753
773,255.5816508350025,28.92072780358826
663,180.6847867845019,19.14063688689322
167,263.61341146445045,30.91371088997681
609,267.84097434931186,31.838857463364565
133,331.19386874258686,35.71946193781046
371,85.57213737999113,9.724278735040784
11,267.00243836702373,28.419068153257047
84,154.8029637994309,16.63885129233031
189,155.52479637041412,17.933321645874074
706,71.37944116868711,8.475180297715433
631,60.29455517777871,6.414117854646132
945,298.10695433269683,32.00049758429967
491,337.4664686722593,34.84493923078588
289,292.6363407681614,32.61527542407242
51,294.0873985220776,30.15125198024573
399,117.6521636118059,12.89880378318002
966,143.16205235765722,15.75142670525856
815,125.2801891654282,12.98360529151773
690,330.6772587118794,32.82019529544812
248,84.55013413084724,9.494365169084066
616,290.49479897307106,32.74880977999845
988,285.9268529224871,31.4926876981764
998,242.4006067095094,28.458263837479343
14,104.53870403782798,11.171308780984756
466,268.84305217895724,30.68205132925879
135,340.5037351926865,37.3230332597457
380,292.30579281072806,31.347056798813167
817,254.78069036209007,27.777838412375115
144,138.12603723485222,15.730916261803516
315,90.10297527711886,10.68890329475028
286,113.3138486139417,12.472274639682528
755,240.2765891755648,25.46297584956965
739,188.3013934656444,21.41670669280171
67,141.8394960981594,15.39957486086704
691,353.9925153558318,36.54083546063895
931,169.9546874854095,19.686609054664373
996,130.3554502175329,14.536361682970298
970,212.30528927884947,23.963782390587944
479,263.8953243177993,27.35682950464659
546,356.04797200385457,37.34947918531107
893,293.73095885040846,35.09502593857047
513,216.79570396531392,24.738811011462342
65,359.491172521997,38.3643451797261
862,153.37329437695826,17.230853496840236
627,290.9727979964597,30.743436778284995
76,303.50310291441923,36.1747530058759
108,188.28390462925225,21.794242643831808
148,246.4338611346944,25.95383520653176
316,241.5432004514985,28.57058989169389
839,154.7531100243323,16.50922034964882
949,59.37375149719787,6.579222054430778
694,82.92657934894989,9.820973744038806
558,304.288442484525,35.36490262466812
999,168.28296791914985,19.669933585845857
355,162.62893154341683,18.986641641127044
720,61.58866550279706,7.782053356718304
328,194.77659254756875,23.1379059765678
427,150.75860485119335,17.52592278145203
929,66.58353441847453,7.891240958663595
245,96.99065114306984,10.986394779363913
618,311.2588231316877,33.740335367205866
525,282.56709225173694,30.92460675037795
130,238.27960247230652,26.46496599571868
851,234.39442757438707,27.47038632082287
733,338.8470685155919,36.68912848061689
215,288.101914199923,31.525705075173565
703,175.48326630103088,21.812301201551385
767,72.7681566044839,7.905899085921258
880,93.51207077372986,10.266561205772646
382,263.3271021101085,29.52227588474138
440,144.20527987918766,15.637591796376832
540,216.5785175055423,24.717135352174868
881,331.85417503445854,35.541931449122025
596,255.876985859159,28.946444736112408
362,322.5500551981705,36.5153908435351
779,144.7384985426063,15.921294099130174
369,61.71211738143873,6.508268612448487
742,60.44332132755267,6.647007390134508
721,97.20067823252292,10.837187884015703
203,146.7704668640702,15.841087988137703
827,221.50599045954291,22.11425023077262
38,246.14911656807112,26.089191235024323
116,143.841673468238,16.23144718339349
846,120.07155060316866,13.094175180228028
111,190.34478229266756,22.000754993205383
97,112.37973644276268,12.178715214847086
7,206.10760964958723,22.496529490318167
971,227.26016535639096,24.870652895395057
42,212.8062640084748,24.01659090148726
493,253.10485970844744,27.933857960251583
60,185.6131763241327,20.706107503588974
174,175.3756332085265,19.44678126997729
712,296.39591991084814,30.41029680143801
903,347.04960988244136,38.74003970357525
259,236.5735875858492,25.109063374566954
228,168.55246647562407,18.32992327915199
227,265.6380864634147,29.04863333819512
837,117.09585917484434,13.735592870415374
978,251.21428624687795,27.02829064244196
196,247.1771974765735,28.6397366853714
143,67.89107839067343,7.886380269136854
789,101.2579008133854,11.973923539139614
659,308.29214048742193,37.3073659153265
377,177.60227473841744,18.009710065330943
861,269.4122208656711,28.809635939489656
389,128.7249756436198,14.224750880621643
255,336.7416007875119,37.37415645177201
517,215.56920103662893,22.567034410077035
845,286.16137039414207,30.069410043385066
339,151.75216425470515,16.291176752295634
760,122.3011892851213,13.95757981472186
181,270.3167848411029,28.441579480725885
378,303.264745095238,31.421543478050808
623,125.22466024782116,13.899741637972214
812,178.56075931615513,19.044935158934425
455,290.6435792335626,34.450401107636694
572,290.5437504199382,31.910003018876058
942,66.03816705727137,7.067885532215972
395,357.3600421181852,38.330045126277696
158,78.1922752703315,9.390651297562588
675,97.32508192136405,12.31109086185672
652,239.49163355321244,29.594882431447832
854,150.3226800847213,17.541368000111284
522,126.34228661180596,14.186205879003277
561,166.9948575517522,18.80375881222545
437,306.66939270359694,36.45701281292554
775,284.6693130121001,35.20010317237103
784,332.8643551456759,36.8145272359561
200,232.13512391743856,26.890756892492604
822,339.54281928444635,34.89090322830222
290,353.6386689709767,38.44742937601873
718,116.29126918327783,11.634788272411187
489,289.7352316938552,30.993204362855376
713,258.4950038925673,30.93203072189772
287,87.61465988229263,9.75243728833498
651,276.8808529311972,32.8711805930575
626,182.96174957299863,20.296599056178074
391,122.02391370831096,12.092086216431223
537,85.64507828318567,10.204468834262563
510,209.9849374854021,22.676886061291054
982,246.7152047339234,25.47405327631897
1,320.01680513616674,36.121756694133865
825,145.31521950335244,17.182896006765173
194,306.3335499149819,35.480231486380845
895,300.97383806787576,33.1981274581254
402,110.63270819121172,12.412694249070984
159,187.54709867818724,20.81824665547189
781,192.60514013613945,20.642731382624536
94,353.6129284289025,38.30478767109874
208,222.6792608630543,24.682998645893854
508,359.61654591372053,37.95060545357224
433,74.91753702322002,8.040386500054986
711,115.62786161905532,12.419772400679411
49,267.16816455108057,30.018532043028426
776,102.46714704146814,11.31467316988126
307,145.62552120984327,15.433130088616204
935,93.24270324417957,10.168670033807397
548,203.1801177063783,24.69206442275313
588,119.392620969382,13.171525498264558
668,70.01460574077208,7.9419928729857725
179,74.40658277445542,8.555824792435292
516,335.507728421389,38.83458794821401
102,362.2524897731957,38.9813428608947
8,159.15942702007686,16.641699395818343
681,282.23195884755194,29.65915210174772
25,168.88434904385264,19.017422588594428
769,328.3616355347813,34.28023705207259
576,307.3732658196723,33.35291549038676
428,318.925277170368,37.42877459598212
83,348.782030776452,37.38489331386856
106,353.5076872139121,39.09835918215581
132,138.03718204389207,14.812538127564062
357,223.1373415342981,25.849765776018224
383,92.58886911471365,10.392246751234325
358,201.71797746120177,22.03540635255987
529,235.55242710814335,25.87745664891309
291,283.04164871671617,33.97464801758407
397,95.50185798927602,10.504523521783929
117,129.00968631052265,14.40150483085379
838,72.25841728621052,8.48357340539258
937,172.08767955134508,18.4276087632342
723,119.92983809953188,15.125524119429336
790,306.456661273923,34.11957221359859
393,328.0026546427903,36.78416603102721
16,158.01680844684589,16.336551845557633
985,192.8325818703616,23.17362334621406
514,314.1149614858694,36.60730163930313
542,285.2652265913592,31.361726665748648
684,220.29657149755025,25.649342033041723
679,290.5918440128326,32.803775906338295
990,131.23891663364478,13.789922403695304
818,76.45882505710124,8.760622165991313
488,217.65866290236923,26.24308013724536
264,145.72508560835092,16.360035959568776
541,89.67978564422367,9.704865615928904
584,257.89850470110895,30.79359488703196
922,278.5921551825547,35.10745315209002
419,183.82542330932856,19.41152350588067
190,165.68945950349666,19.23084712852451
297,153.82115682683065,17.510368437710532
824,70.02334433343081,8.37674798535755
890,102.10463419525648,12.513006581862404
246,241.7387530021232,26.75749100620079
74,177.616989119242,20.49135700735088
474,249.26982969568488,27.10370938526967
545,159.07061592627318,19.72211011285797
597,195.25454821870045,22.006690667737416
470,224.9635936069877,25.11168729027376
435,214.6511832919593,23.33635534362189
602,190.4656709656066,23.10214428467077
829,124.9776961041966,13.114617177439818
410,131.32235616297703,13.397775310974556
855,194.95792092694623,21.06401965309046
96,158.38066232255093,16.939461587527354
629,206.1675965865831,22.771293636826595
250,268.05346496530194,29.5168979270591
187,199.3628311785968,22.096697747429985
939,274.23448647477545,28.58487487534386
